{
  "seeds": [
    0,
    1,
    2
  ],
  "summary": {
    "accuracy_task_A": {
      "values": [
        0.966,
        0.964,
        0.948
      ],
      "mean": 0.9593333333333333,
      "stdev": 0.009865765724632504
    },
    "accuracy_task_B": {
      "values": [
        0.956,
        0.956,
        0.94
      ],
      "mean": 0.9506666666666667,
      "stdev": 0.00923760430703402
    },
    "specialized_count": {
      "values": [
        19,
        19,
        18
      ],
      "mean": 18.666666666666668,
      "stdev": 0.5773502691896257
    },
    "specialized_frac": {
      "values": [
        0.5277777777777778,
        0.5277777777777778,
        0.5
      ],
      "mean": 0.5185185185185185,
      "stdev": 0.016037507477489613
    },
    "task_a_preferred": {
      "values": [
        12,
        11,
        12
      ],
      "mean": 11.666666666666666,
      "stdev": 0.5773502691896257
    },
    "task_b_preferred": {
      "values": [
        7,
        8,
        6
      ],
      "mean": 7,
      "stdev": 1.0
    },
    "max_diff_layer1": {
      "values": [
        0.6940235049783805,
        0.5925861916576035,
        0.3905704334012073
      ],
      "mean": 0.5590600433457305,
      "stdev": 0.15447958968057085
    },
    "max_diff_layer2": {
      "values": [
        0.42401317066488853,
        0.17662783601666027,
        0.7089398655305217
      ],
      "mean": 0.4365269574040235,
      "stdev": 0.26637655740550054
    }
  },
  "per_seed": [
    {
      "seed": 0,
      "training_curve": [
        [
          500,
          0.51
        ],
        [
          1000,
          0.625
        ],
        [
          1500,
          0.735
        ],
        [
          2000,
          0.81
        ],
        [
          2500,
          0.805
        ],
        [
          3000,
          0.825
        ],
        [
          3500,
          0.86
        ],
        [
          4000,
          0.85
        ],
        [
          4500,
          0.85
        ],
        [
          5000,
          0.87
        ],
        [
          5500,
          0.885
        ],
        [
          6000,
          0.91
        ],
        [
          6500,
          0.915
        ],
        [
          7000,
          0.895
        ],
        [
          7500,
          0.92
        ],
        [
          8000,
          0.93
        ],
        [
          8500,
          0.9
        ],
        [
          9000,
          0.9
        ],
        [
          9500,
          0.915
        ],
        [
          10000,
          0.92
        ],
        [
          10500,
          0.925
        ],
        [
          11000,
          0.955
        ],
        [
          11500,
          0.91
        ],
        [
          12000,
          0.945
        ],
        [
          12500,
          0.97
        ],
        [
          13000,
          0.95
        ],
        [
          13500,
          0.925
        ],
        [
          14000,
          0.965
        ],
        [
          14500,
          0.925
        ],
        [
          15000,
          0.965
        ],
        [
          15500,
          0.965
        ],
        [
          16000,
          0.97
        ],
        [
          16500,
          0.945
        ],
        [
          17000,
          0.95
        ],
        [
          17500,
          0.98
        ],
        [
          18000,
          0.93
        ],
        [
          18500,
          0.97
        ],
        [
          19000,
          0.94
        ],
        [
          19500,
          0.93
        ],
        [
          20000,
          0.955
        ]
      ],
      "accuracy": {
        "task_A": 0.966,
        "task_B": 0.956
      },
      "gate_profiles": {
        "task_A": [
          [
            0.8603036987685516,
            0.7839747528997814,
            0.8674713226073628,
            0.6180090336943583,
            0.8089095481997538,
            0.7352219927138955,
            0.5956315874828919,
            0.9121986225400782,
            0.873147323268968,
            0.8301359018543379,
            0.8871691558721478,
            0.8977079281306779,
            0.6629261669827503,
            0.7873420682134957,
            0.9623868060246206,
            0.9432121875643343,
            0.9521298980270099,
            0.7730633785874573,
            0.7575083517356772,
            0.9373562774623361,
            0.7370768381028516,
            0.7316661954181943,
            0.8696034597892008,
            0.8490396788950544
          ],
          [
            0.829028228153054,
            0.9548905467085979,
            0.8731313881569789,
            0.8707199475249009,
            0.9761265101240822,
            0.9316574949984223,
            0.9584130104268769,
            0.8193959146085095,
            0.6673003790689246,
            0.8938559717583296,
            0.49889591644020725,
            0.8409896580221147
          ]
        ],
        "task_B": [
          [
            0.8975181462996156,
            0.6192791602465482,
            0.8176233098577025,
            0.6108672259385401,
            0.6215487624291721,
            0.7529515767790818,
            0.4603271449435605,
            0.9739870491225817,
            0.600327030064203,
            0.13611239687595744,
            0.9722850861777748,
            0.7348153378797799,
            0.1982607367940241,
            0.8325463875312689,
            0.9911152002711865,
            0.9832189075709864,
            0.9903428888146497,
            0.7340694823901743,
            0.6019495087663757,
            0.9838028931409835,
            0.8683383243375452,
            0.8128960199997795,
            0.9238391128023185,
            0.21530480635199958
          ],
          [
            0.8709069078097552,
            0.9547308925458908,
            0.9261584358931327,
            0.8861543275897725,
            0.9465223144117858,
            0.9317517765958193,
            0.5343998397619883,
            0.8683392864973026,
            0.48633396484682373,
            0.9384569878749986,
            0.831074993525904,
            0.7493369716400353
          ]
        ]
      },
      "specialization": {
        "total_neurons": 36,
        "specialized_count": 19,
        "specialized_frac": 0.5277777777777778,
        "task_a_preferred": 12,
        "task_b_preferred": 7,
        "max_diffs_per_layer": [
          0.6940235049783805,
          0.42401317066488853
        ]
      }
    },
    {
      "seed": 1,