{
  "config": {
    "input_dim": 6,
    "hidden_dims": [
      24,
      12
    ],
    "output_dim": 2,
    "train_steps": 20000,
    "eval_samples": 400,
    "seed": 0
  },
  "training_curve": [
    [
      500,
      0.525
    ],
    [
      1000,
      0.665
    ],
    [
      1500,
      0.73
    ],
    [
      2000,
      0.79
    ],
    [
      2500,
      0.815
    ],
    [
      3000,
      0.815
    ],
    [
      3500,
      0.835
    ],
    [
      4000,
      0.845
    ],
    [
      4500,
      0.85
    ],
    [
      5000,
      0.86
    ],
    [
      5500,
      0.88
    ],
    [
      6000,
      0.915
    ],
    [
      6500,
      0.9
    ],
    [
      7000,
      0.895
    ],
    [
      7500,
      0.91
    ],
    [
      8000,
      0.925
    ],
    [
      8500,
      0.89
    ],
    [
      9000,
      0.895
    ],
    [
      9500,
      0.89
    ],
    [
      10000,
      0.9
    ],
    [
      10500,
      0.925
    ],
    [
      11000,
      0.95
    ],
    [
      11500,
      0.92
    ],
    [
      12000,
      0.94
    ],
    [
      12500,
      0.97
    ],
    [
      13000,
      0.94
    ],
    [
      13500,
      0.92
    ],
    [
      14000,
      0.955
    ],
    [
      14500,
      0.92
    ],
    [
      15000,
      0.97
    ],
    [
      15500,
      0.945
    ],
    [
      16000,
      0.955
    ],
    [
      16500,
      0.96
    ],
    [
      17000,
      0.945
    ],
    [
      17500,
      0.98
    ],
    [
      18000,
      0.94
    ],
    [
      18500,
      0.965
    ],
    [
      19000,
      0.95
    ],
    [
      19500,
      0.93
    ],
    [
      20000,
      0.945
    ]
  ],
  "accuracy": {
    "task_A": 0.964,
    "task_B": 0.934
  },
  "gate_profiles": {
    "task_A": [
      [
        0.8551864169615971,
        0.8321801312011499,
        0.8398487807350082,
        0.6929975318261978,
        0.7918732271093728,
        0.7535155603711687,
        0.535769335854805,
        0.9233113571263373,
        0.883469297151625,
        0.8425679500450411,
        0.9353734358621714,
        0.8923791943298173,
        0.6966477023439596,
        0.8560983125384236,
        0.9613866743642038,
        0.9480735994425699,
        0.9367761800447005,
        0.8064014651204288,
        0.7880412507484768,
        0.9334897366181181,
        0.7075577234889653,
        0.5736691402515686,
        0.8715998163261842,
        0.8969341976667627
      ],
      [
        0.8423393230246294,
        0.9477649284252384,
        0.8318655396736563,
        0.8662290564030751,
        0.9392255442911086,
        0.9320673429232461,
        0.8386029604619455,
        0.9278382975075082,
        0.6800062202712784,
        0.8404511623017019,
        0.8285949330592943,
        0.7880891385890897
      ]
    ],
    "task_B": [
      [
        0.8909360727607252,
        0.5950456657252042,
        0.7375660662413752,
        0.9505613549959361,
        0.5732195676850662,
        0.9238316702638641,
        0.23464798946707138,
        0.9814688266580444,
        0.4434020190905166,
        0.3654700296060054,
        0.983739436108311,
        0.7326306229361181,
        0.22621344443944125,
        0.8917284953847865,
        0.9888899013253991,
        0.9866801561886929,
        0.9850424784348124,
        0.8724400891582088,
        0.4299629198968751,
        0.9856498292154753,
        0.8329208234466147,
        0.5819492206555336,
        0.9313087555433597,
        0.3007872521592986
      ],
      [
        0.9216803873805977,
        0.9614513863136335,
        0.9057082644616531,
        0.8730128134166557,
        0.6213958437981372,
        0.9514964811385686,
        0.46542097197627763,
        0.9386707680567561,
        0.5174616666936064,
        0.8609251540158831,
        0.9773496858234655,
        0.747230889340105
      ]
    ]
  },
  "specialization": {
    "total_neurons": 36,
    "specialized_count": 23,
    "task_a_preferred": 13,
    "task_b_preferred": 10
  }
}