{
  "config": {
    "d_model": 256,
    "n_layers": 4,
    "n_experts": 4,
    "top_k": 2,
    "seq_len": 128,
    "steps": 2000,
    "eval_chunks": 200,
    "seed": 0
  },
  "training_curve": [
    [
      200,
      2.483058214187622
    ],
    [
      400,
      2.3723814487457275
    ],
    [
      600,
      2.1795995235443115
    ],
    [
      800,
      2.104214906692505
    ],
    [
      1000,
      1.9694451093673706
    ],
    [
      1200,
      1.8564318418502808
    ],
    [
      1400,
      1.830885887145996
    ],
    [
      1600,
      1.7538838386535645
    ],
    [
      1800,
      1.7185219526290894
    ],
    [
      2000,
      1.6244534254074097
    ]
  ],
  "category_counts": {
    "lower_consonant": 10493,
    "lower_vowel": 6580,
    "punct_pause": 866,
    "space": 3789,
    "newline": 1014,
    "upper_consonant": 1379,
    "upper_vowel": 968,
    "punct_end": 328,
    "other": 50,
    "punct_quote": 133
  },
  "expert_hist_by_layer": {
    "0": {
      "lower_consonant": [
        0.2642237682264367,
        0.2325836271800248,
        0.20618507576479558,
        0.297007528828743
      ],
      "lower_vowel": [
        0.1311550151975684,
        0.4117021276595745,
        0.2791793313069909,
        0.17796352583586625
      ],
      "punct_pause": [
        0.3625866050808314,
        0.20958429561200922,
        0.22806004618937645,
        0.1997690531177829
      ],
      "space": [
        0.5,
        0.0,
        0.003430984428609132,
        0.4965690155713909
      ],
      "newline": [
        0.3185404339250493,
        0.08086785009861933,
        0.10059171597633136,
        0.5
      ],
      "upper_consonant": [
        0.19253081943437272,
        0.2092095721537346,
        0.2871646120377085,
        0.3110949963741842
      ],
      "upper_vowel": [
        0.18233471074380164,
        0.30578512396694213,
        0.2918388429752066,
        0.22004132231404958
      ],
      "punct_end": [
        0.33689024390243905,
        0.2698170731707317,
        0.36890243902439024,
        0.024390243902439025
      ],
      "other": [
        0.35,
        0.13,
        0.02,
        0.5
      ],
      "punct_quote": [
        0.22180451127819548,
        0.5,
        0.2781954887218045,
        0.0
      ]
    },
    "1": {
      "lower_consonant": [
        0.1830744305727628,
        0.37072333936910323,
        0.2145716191746879,
        0.2316306108834461
      ],
      "lower_vowel": [
        0.21238601823708206,
        0.1701367781155015,
        0.43206686930091187,
        0.18541033434650456
      ],
      "punct_pause": [
        0.5,
        0.2569284064665127,
        0.12990762124711316,
        0.11316397228637413
      ],
      "space": [
        0.06188968065452626,
        0.17735550277117973,
        0.5,
        0.260754816574294
      ],
      "newline": [
        0.020710059171597635,
        0.060650887573964495,
        0.41863905325443784,
        0.5
      ],
      "upper_consonant": [
        0.2139231327048586,
        0.33683828861493836,
        0.13234227701232779,
        0.31689630166787525
      ],
      "upper_vowel": [
        0.31611570247933884,
        0.17458677685950413,
        0.2680785123966942,
        0.2412190082644628
      ],
      "punct_end": [
        0.41310975609756095,
        0.14939024390243902,
        0.004573170731707317,
        0.4329268292682927
      ],
      "other": [
        0.29,
        0.06,
        0.5,
        0.15
      ],
      "punct_quote": [
        0.5,
        0.05639097744360902,
        0.36466165413533835,
        0.07894736842105263
      ]
    },
    "2": {
      "lower_consonant": [
        0.058848756313732965,
        0.4226627275326408,
        0.2687982464500143,
        0.24969026970361194
      ],
      "lower_vowel": [
        0.059574468085106386,
        0.4655015197568389,
        0.2791793313069909,
        0.19574468085106383
      ],
      "punct_pause": [
        0.49653579676674364,
        0.016166281755196306,
        0.4336027713625866,
        0.05369515011547344
      ],
      "space": [
        0.09646344681974135,
        0.07944048561625759,
        0.4857482185273159,
        0.33834784903668513
      ],
      "newline": [
        0.22090729783037474,
        0.04980276134122288,
        0.4985207100591716,
        0.23076923076923078
      ],
      "upper_consonant": [
        0.4467005076142132,
        0.09282088469905729,
        0.28825235678027555,
        0.17222625090645396
      ],
      "upper_vowel": [
        0.48708677685950413,
        0.22262396694214875,
        0.2190082644628099,
        0.07128099173553719
      ],
      "punct_end": [
        0.5,
        0.0899390243902439,
        0.3978658536585366,
        0.012195121951219513
      ],
      "other": [
        0.05,
        0.37,
        0.41,
        0.17
      ],
      "punct_quote": [
        0.07142857142857142,
        0.3609022556390977,
        0.31954887218045114,
        0.24812030075187969
      ]
    },
    "3": {
      "lower_consonant": [
        0.2015152959115601,
        0.0385971600114362,
        0.3410845325455065,
        0.4188030115314972
      ],
      "lower_vowel": [
        0.37355623100303953,
        0.05638297872340425,
        0.26778115501519756,
        0.30227963525835866
      ],
      "punct_pause": [
        0.04561200923787529,
        0.12471131639722864,
        0.32967667436489606,
        0.5
      ],
      "space": [
        0.07257851675903933,
        0.5,
        0.10424914225389285,
        0.3231723409870678
      ],
      "newline": [
        0.13757396449704143,
        0.5,
        0.35355029585798814,
        0.008875739644970414
      ],
      "upper_consonant": [
        0.20594633792603337,
        0.1218274111675127,
        0.49238578680203043,
        0.1798404641044235
      ],
      "upper_vowel": [
        0.3765495867768595,
        0.2784090909090909,
        0.1787190082644628,
        0.16632231404958678
      ],
      "punct_end": [
        0.04573170731707317,
        0.056402439024390245,
        0.3978658536585366,
        0.5
      ],
      "other": [
        0.01,
        0.13,
        0.47,
        0.39
      ],
      "punct_quote": [
        0.3157894736842105,
        0.03759398496240601,
        0.2819548872180451,
        0.36466165413533835
      ]
    }
  },
  "mutual_information": {
    "0": {
      "mutual_info_bits": 0.1949,
      "norm_mi": 0.0981,
      "h_cat": 2.3321,
      "h_exp": 1.9865
    },
    "1": {
      "mutual_info_bits": 0.1221,
      "norm_mi": 0.0618,
      "h_cat": 2.3321,
      "h_exp": 1.9763
    },
    "2": {
      "mutual_info_bits": 0.197,
      "norm_mi": 0.1027,
      "h_cat": 2.3321,
      "h_exp": 1.9193
    },
    "3": {
      "mutual_info_bits": 0.2217,
      "norm_mi": 0.1145,
      "h_cat": 2.3321,
      "h_exp": 1.9365
    }
  }
}